Date,SPY
2018-01-02,237.45
2018-01-03,238.96
2018-01-04,239.93
2018-01-05,241.54
2018-01-08,242.0
2018-01-09,242.54
2018-01-10,242.15
2018-01-11,243.92
2018-01-12,245.56
2018-01-16,244.78
2018-01-17,247.03
2018-01-18,246.65
2018-01-19,247.72
2018-01-22,249.73
2018-01-23,250.24
2018-01-24,250.13
2018-01-25,250.29
2018-01-26,253.17
2018-01-29,251.48
2018-01-30,248.82
2018-01-31,249.06
2018-02-01,248.86
2018-02-02,243.41
2018-02-05,233.34
2018-02-06,237.71
2018-02-07,236.48
2018-02-08,227.74
2018-02-09,231.24
2018-02-12,234.41
2018-02-13,235.05
2018-02-14,238.25
2018-02-15,241.13
2018-02-16,241.33
2018-02-20,239.81
2018-02-21,238.51
2018-02-22,238.77
2018-02-23,242.65
2018-02-26,245.53
2018-02-27,242.41
2018-02-28,239.79
2018-03-01,236.53
2018-03-02,237.73
2018-03-05,240.41
2018-03-06,241.04
2018-03-07,241.04
2018-03-08,242.1
2018-03-09,246.28
2018-03-12,246.09
2018-03-13,244.48
2018-03-14,243.18
2018-03-15,242.99
2018-03-16,243.24
2018-03-19,240.04
2018-03-20,240.32
2018-03-21,239.85
2018-03-22,233.92
2018-03-23,228.86
2018-03-26,235.18
2018-03-27,231.3
2018-03-28,230.49
2018-03-29,233.67
2018-04-02,228.43
2018-04-03,231.27
2018-04-04,233.98
2018-04-05,235.58
2018-04-06,230.36
2018-04-09,231.36
2018-04-10,235.14
2018-04-11,233.92
2018-04-12,235.86
2018-04-13,235.16
2018-04-16,237.16
2018-04-17,239.61
2018-04-18,239.82
2018-04-19,238.49
2018-04-20,236.53
2018-04-23,236.45
2018-04-24,233.32
2018-04-25,233.84
2018-04-26,236.16
2018-04-27,236.46
2018-04-30,234.64
2018-05-01,235.02
2018-05-02,233.44
2018-05-03,232.92
2018-05-04,235.88
2018-05-07,236.76
2018-05-08,236.74
2018-05-09,239.03
2018-05-10,241.27
2018-05-11,241.84
2018-05-14,242.11
2018-05-15,240.41
2018-05-16,241.4
2018-05-17,241.28
2018-05-18,240.68
2018-05-21,242.48
2018-05-22,241.78
2018-05-23,242.48
2018-05-24,242.01
2018-05-25,241.46
2018-05-29,238.71
2018-05-30,241.79
2018-05-31,240.21
2018-06-01,242.7
2018-06-04,243.83
2018-06-05,244.1
2018-06-06,246.09
2018-06-07,246.03
2018-06-08,246.79
2018-06-11,247.11
2018-06-12,247.45
2018-06-13,246.6
2018-06-14,247.19
2018-06-15,245.73
2018-06-18,245.34
2018-06-19,244.36
2018-06-20,244.83
2018-06-21,243.26
2018-06-22,243.72
2018-06-25,240.44
2018-06-26,240.9
2018-06-27,239.32
2018-06-28,240.3
2018-06-29,240.68
2018-07-02,241.13
2018-07-03,240.28
2018-07-05,242.17
2018-07-06,244.25
2018-07-09,246.5
2018-07-10,247.31
2018-07-11,245.62
2018-07-12,247.74
2018-07-13,247.98
2018-07-16,247.82
2018-07-17,248.75
2018-07-18,249.31
2018-07-19,248.33
2018-07-20,248.12
2018-07-23,248.58
2018-07-24,249.74
2018-07-25,252.04
2018-07-26,251.29
2018-07-27,249.66
2018-07-30,248.28
2018-07-31,249.42
2018-08-01,249.15
2018-08-02,250.49
2018-08-03,251.58
2018-08-06,252.5
2018-08-07,253.31
2018-08-08,253.19
2018-08-09,252.88
2018-08-10,251.17
2018-08-13,250.21
2018-08-14,251.75
2018-08-15,249.92
2018-08-16,251.98
2018-08-17,252.82
2018-08-20,253.4
2018-08-21,253.93
2018-08-22,253.87
2018-08-23,253.5
2018-08-24,255.04
2018-08-27,257.0
2018-08-28,257.09
2018-08-29,258.52
2018-08-30,257.52
2018-08-31,257.48
2018-09-04,257.09
2018-09-05,256.41
2018-09-06,255.6
2018-09-07,255.04
2018-09-10,255.54
2018-09-11,256.46
2018-09-12,256.51
2018-09-13,257.95
2018-09-14,258.05
2018-09-17,256.7
2018-09-18,258.05
2018-09-19,258.34
2018-09-20,260.37
2018-09-21,260.22
2018-09-24,259.36
2018-09-25,259.02
2018-09-26,258.23
2018-09-27,259.01
2018-09-28,258.91
2018-10-01,259.92
2018-10-02,259.84
2018-10-03,259.97
2018-10-04,257.98
2018-10-05,256.45
2018-10-08,256.44
2018-10-09,256.16
2018-10-10,247.95
2018-10-11,242.84
2018-10-12,245.93
2018-10-15,244.58
2018-10-16,249.7
2018-10-17,249.86
2018-10-18,246.27
2018-10-19,246.09
2018-10-22,245.06
2018-10-23,243.72
2018-10-24,236.31
2018-10-25,240.59
2018-10-26,236.32
2018-10-29,234.96
2018-10-30,238.69
2018-10-31,241.19
2018-11-01,243.58
2018-11-02,242.18
2018-11-05,243.67
2018-11-06,245.13
2018-11-07,250.38
2018-11-08,249.92
2018-11-09,247.55
2018-11-12,242.79
2018-11-13,242.4
2018-11-14,240.71
2018-11-15,243.26
2018-11-16,243.9
2018-11-19,239.8
2018-11-20,235.37
2018-11-21,236.15
2018-11-23,234.63
2018-11-26,238.29
2018-11-27,239.06
2018-11-28,244.46
2018-11-29,244.1
2018-11-30,245.65
2018-12-03,248.83
2018-12-04,240.93
2018-12-06,240.37
2018-12-07,234.93
2018-12-10,235.3
2018-12-11,235.33
2018-12-12,236.6
2018-12-13,236.46
2018-12-14,232.18
2018-12-17,227.37
2018-12-18,227.31
2018-12-19,223.69
2018-12-20,220.18
2018-12-21,215.67
2018-12-24,210.08
2018-12-26,220.42
2018-12-27,222.48
2018-12-28,222.05
2018-12-31,224.16
2019-01-02,224.29
2019-01-03,218.84
2019-01-04,226.23
2019-01-07,227.93
2019-01-08,230.02
2019-01-09,231.19
2019-01-10,232.14
2019-01-11,231.98
2019-01-14,230.68
2019-01-15,233.26
2019-01-16,233.91
2019-01-17,235.74
2019-01-18,238.81
2019-01-22,235.69
2019-01-23,236.05
2019-01-24,236.28
2019-01-25,238.23
2019-01-28,236.44
2019-01-29,236.21
2019-01-30,239.72
2019-01-31,241.84
2019-02-01,242.09
2019-02-04,243.82
2019-02-05,244.85
2019-02-06,244.55
2019-02-07,242.17
2019-02-08,242.5
2019-02-11,242.63
2019-02-12,245.65
2019-02-13,246.45
2019-02-14,246.01
2019-02-15,248.63
2019-02-19,249.08
2019-02-20,249.57
2019-02-21,248.7
2019-02-22,250.23
2019-02-25,250.61
2019-02-26,250.39
2019-02-27,250.24
2019-02-28,249.77
2019-03-01,251.35
2019-03-04,250.42
2019-03-05,250.14
2019-03-06,248.59
2019-03-07,246.61
2019-03-08,246.04
2019-03-11,249.62
2019-03-12,250.48
2019-03-13,252.17
2019-03-14,252.05
2019-03-15,253.28
2019-03-18,254.26
2019-03-19,254.34
2019-03-20,253.43
2019-03-21,256.2
2019-03-22,251.48
2019-03-25,251.18
2019-03-26,253.01
2019-03-27,251.67
2019-03-28,252.72
2019-03-29,254.28
2019-04-01,257.25
2019-04-02,257.47
2019-04-03,257.89
2019-04-04,258.54
2019-04-05,259.75
2019-04-08,260.0
2019-04-09,258.68
2019-04-10,259.54
2019-04-11,259.49
2019-04-12,261.2
2019-04-15,261.06
2019-04-16,261.23
2019-04-17,260.6
2019-04-18,261.07
2019-04-22,261.35
2019-04-23,263.68
2019-04-24,263.07
2019-04-25,263.0
2019-04-26,264.15
2019-04-29,264.48
2019-04-30,264.57
2019-05-01,262.72
2019-05-02,262.1
2019-05-03,264.66
2019-05-06,263.63
2019-05-07,259.33
2019-05-08,259.04
2019-05-09,258.08
2019-05-10,259.31
2019-05-13,252.97
2019-05-14,255.12
2019-05-15,256.72
2019-05-16,258.99
2019-05-17,257.43
2019-05-20,255.64
2019-05-21,257.91
2019-05-22,257.14
2019-05-23,254.05
2019-05-24,254.73
2019-05-28,252.36
2019-05-29,250.51
2019-05-30,251.16
2019-05-31,247.91
2019-06-03,247.23
2019-06-04,252.52
2019-06-05,254.66
2019-06-06,256.38
2019-06-07,258.9
2019-06-10,260.12
2019-06-11,260.1
2019-06-12,259.55
2019-06-13,260.7
2019-06-14,260.39
2019-06-17,260.6
2019-06-18,263.17
2019-06-19,263.79
2019-06-20,266.38
2019-06-21,265.97
2019-06-24,265.66
2019-06-25,263.06
2019-06-26,262.81
2019-06-27,263.73
2019-06-28,265.16
2019-07-01,267.4
2019-07-02,268.18
2019-07-03,270.31
2019-07-05,269.83
2019-07-08,268.56
2019-07-09,268.89
2019-07-10,270.14
2019-07-11,270.78
2019-07-12,271.99
2019-07-15,272.16
2019-07-16,271.2
2019-07-17,269.39
2019-07-18,270.38
2019-07-19,268.92
2019-07-22,269.42
2019-07-23,271.38
2019-07-24,272.67
2019-07-25,271.37
2019-07-26,273.17
2019-07-29,272.75
2019-07-30,272.11
2019-07-31,269.05
2019-08-01,266.88
2019-08-02,264.72
2019-08-05,256.97
2019-08-06,260.3
2019-08-07,260.69
2019-08-08,265.6
2019-08-09,263.8
2019-08-12,260.48
2019-08-13,264.54
2019-08-14,256.94
2019-08-15,257.51
2019-08-16,261.28
2019-08-19,264.45
2019-08-20,262.37
2019-08-21,264.53
2019-08-22,264.46
2019-08-23,257.72
2019-08-26,260.5
2019-08-27,259.37
2019-08-28,261.3
2019-08-29,264.69
2019-08-30,264.57
2019-09-03,263.03
2019-09-04,265.94
2019-09-05,269.36
2019-09-06,269.64
2019-09-09,269.77
2019-09-10,269.67
2019-09-11,271.68
2019-09-12,272.63
2019-09-13,272.3
2019-09-16,271.59
2019-09-17,272.26
2019-09-18,272.39
2019-09-19,272.37
2019-09-20,270.91
2019-09-23,271.11
2019-09-24,268.95
2019-09-25,270.49
2019-09-26,269.93
2019-09-27,268.49
2019-09-30,269.74
2019-10-01,266.59
2019-10-02,261.9
2019-10-03,263.98
2019-10-04,267.48
2019-10-07,266.39
2019-10-08,262.35
2019-10-09,264.59
2019-10-10,266.56
2019-10-11,269.25
2019-10-14,269.05
2019-10-15,271.64
2019-10-16,271.26
2019-10-17,271.94
2019-10-18,270.92
2019-10-21,272.69
2019-10-22,271.74
2019-10-23,272.5
2019-10-24,273.04
2019-10-25,274.1
2019-10-28,275.69
2019-10-29,275.51
2019-10-30,276.49
2019-10-31,275.69
2019-11-01,278.27
2019-11-04,279.36
2019-11-05,279.06
2019-11-06,279.08
2019-11-07,280.12
2019-11-08,280.78
2019-11-11,280.26
2019-11-12,280.8
2019-11-13,280.98
2019-11-14,281.33
2019-11-15,283.39
2019-11-18,283.55
2019-11-19,283.48
2019-11-20,282.48
2019-11-21,282.02
2019-11-22,282.67
2019-11-25,284.77
2019-11-26,285.37
2019-11-27,286.67
2019-11-29,285.68
2019-12-02,283.26
2019-12-03,281.3
2019-12-04,283.11
2019-12-05,283.65
2019-12-06,286.14
2019-12-09,285.28
2019-12-10,285.0
2019-12-11,285.68
2019-12-12,288.18
2019-12-13,288.37
2019-12-16,290.37
2019-12-17,290.43
2019-12-18,290.44
2019-12-19,291.63
2019-12-20,293.04
2019-12-23,293.42
2019-12-24,293.39
2019-12-26,294.94
2019-12-27,294.86
2019-12-30,293.29
2019-12-31,293.95
2020-01-02,296.71
2020-01-03,294.48
2020-01-06,295.67
2020-01-07,294.76
2020-01-08,296.3
2020-01-09,298.28
2020-01-10,297.41
2020-01-13,299.49
2020-01-14,299.04
2020-01-15,299.71
2020-01-16,302.18
2020-01-17,303.23
2020-01-21,302.57
2020-01-22,302.63
2020-01-23,303.04
2020-01-24,300.26
2020-01-27,295.47
2020-01-28,298.54
2020-01-29,298.31
2020-01-30,299.22
2020-01-31,293.86
2020-02-03,296.02
2020-02-04,300.53
2020-02-05,303.99
2020-02-06,304.98
2020-02-07,303.44
2020-02-10,305.73
2020-02-11,306.21
2020-02-12,308.19
2020-02-13,307.94
2020-02-14,308.33
2020-02-18,307.54
2020-02-19,308.99
2020-02-20,307.78
2020-02-21,304.54
2020-02-24,294.47
2020-02-25,285.49
2020-02-26,284.6
2020-02-27,271.89
2020-02-28,270.56
2020-03-02,282.12
2020-03-03,274.29
2020-03-04,285.91
2020-03-05,276.29
2020-03-06,271.65
2020-03-09,252.37
2020-03-10,263.41
2020-03-11,250.48
2020-03-12,233.11
2020-03-13,246.78
2020-03-16,220.17
2020-03-17,232.15
2020-03-18,215.26
2020-03-19,219.7
2020-03-20,210.8
2020-03-23,204.62
2020-03-24,222.38
2020-03-25,226.78
2020-03-26,239.77
2020-03-27,233.4
2020-03-30,240.35
2020-03-31,236.49
2020-04-01,226.09
2020-04-02,231.5
2020-04-03,227.84
2020-04-06,243.27
2020-04-07,243.68
2020-04-08,251.78
2020-04-09,255.66
2020-04-13,253.28
2020-04-14,260.79
2020-04-15,255.23
2020-04-16,256.34
2020-04-17,263.3
2020-04-20,258.91
2020-04-21,251.02
2020-04-22,256.41
2020-04-23,256.38
2020-04-24,259.95
2020-04-27,263.82
2020-04-28,262.52
2020-04-29,269.38
2020-04-30,267.06
2020-05-01,259.89
2020-05-04,260.59
2020-05-05,262.95
2020-05-06,261.28
2020-05-07,264.37
2020-05-08,268.79
2020-05-11,268.89
2020-05-12,263.31
2020-05-13,258.66
2020-05-14,261.93
2020-05-15,263.07
2020-05-18,271.02
2020-05-19,268.51
2020-05-20,272.94
2020-05-21,270.92
2020-05-22,271.52
2020-05-26,274.94
2020-05-27,278.93
2020-05-28,278.49
2020-05-29,279.8
2020-06-01,280.68
2020-06-02,283.1
2020-06-03,286.78
2020-06-04,286.09
2020-06-05,293.5
2020-06-08,296.94
2020-06-09,294.91
2020-06-10,293.16
2020-06-11,276.31
2020-06-12,279.7
2020-06-15,282.21
2020-06-16,287.39
2020-06-17,286.39
2020-06-18,286.48
2020-06-19,284.78
2020-06-22,286.74
2020-06-23,287.97
2020-06-24,280.78
2020-06-25,283.59
2020-06-26,276.98
2020-06-29,281.1
2020-06-30,285.14
2020-07-01,286.65
2020-07-02,288.14
2020-07-06,292.59
2020-07-07,289.6
2020-07-08,291.81
2020-07-09,290.37
2020-07-10,293.17
2020-07-13,290.56
2020-07-14,294.36
2020-07-15,297.18
2020-07-16,296.15
2020-07-17,296.92
2020-07-20,299.29
2020-07-21,299.87
2020-07-22,301.65
2020-07-23,298.08
2020-07-24,296.19
2020-07-27,298.37
2020-07-28,296.55
2020-07-29,299.98
2020-07-30,299.03
2020-07-31,301.26
2020-08-03,303.35
2020-08-04,304.58
2020-08-05,306.46
2020-08-06,308.57
2020-08-07,308.8
2020-08-10,309.71
2020-08-11,307.18
2020-08-12,311.33
2020-08-13,310.87
2020-08-14,310.9
2020-08-17,311.89
2020-08-18,312.52
2020-08-19,311.16
2020-08-20,312.25
2020-08-21,313.3
2020-08-24,316.49
2020-08-25,317.64
2020-08-26,320.84
2020-08-27,321.51
2020-08-28,323.57
2020-08-31,322.88
2020-09-01,325.52
2020-09-02,330.22
2020-09-03,318.92
2020-09-04,315.98
2020-09-08,307.6
2020-09-09,313.6
2020-09-10,308.39
2020-09-11,308.36
2020-09-14,312.37
2020-09-15,313.92
2020-09-16,312.78
2020-09-17,310.0
2020-09-18,306.53
2020-09-21,303.15
2020-09-22,306.09
2020-09-23,298.9
2020-09-24,299.72
2020-09-25,304.63
2020-09-28,309.75
2020-09-29,308.07
2020-09-30,309.82
2020-10-01,312.27
2020-10-02,309.41
2020-10-05,314.82
2020-10-06,310.4
2020-10-07,315.78
2020-10-08,318.46
2020-10-09,321.32
2020-10-12,326.54
2020-10-13,324.51
2020-10-14,322.43
2020-10-15,322.07
2020-10-16,321.87
2020-10-19,317.06
2020-10-20,318.14
2020-10-21,317.54
2020-10-22,319.38
2020-10-23,320.29
2020-10-26,314.54
2020-10-27,313.53
2020-10-28,302.76
2020-10-29,305.89
2020-10-30,302.75
2020-11-02,305.99
2020-11-03,311.3
2020-11-04,318.47
2020-11-05,324.53
2020-11-06,324.52
2020-11-09,328.63
2020-11-10,328.13
2020-11-11,330.58
2020-11-12,327.44
2020-11-13,331.86
2020-11-16,336.01
2020-11-17,334.38
2020-11-18,330.14
2020-11-19,331.73
2020-11-20,329.31
2020-11-23,331.33
2020-11-24,336.53
2020-11-25,335.92
2020-11-27,337.05
2020-11-30,335.66
2020-12-01,339.03
2020-12-02,339.94
2020-12-03,339.8
2020-12-04,342.68
2020-12-07,342.11
2020-12-08,343.06
2020-12-09,339.89
2020-12-10,339.98
2020-12-11,339.31
2020-12-14,338.16
2020-12-15,342.48
2020-12-16,342.94
2020-12-17,344.91
2020-12-18,343.56
2020-12-21,342.16
2020-12-22,341.84
2020-12-23,342.02
2020-12-24,343.45
2020-12-28,346.42
2020-12-29,345.86
2020-12-30,346.24
2020-12-31,348.31
2021-01-04,343.39
2021-01-05,345.65
2021-01-06,347.52
2021-01-07,352.85
2021-01-08,354.86
2021-01-11,352.45
2021-01-12,352.41
2021-01-13,353.38
2021-01-14,352.34
2021-01-15,349.63
2021-01-19,352.39
2021-01-20,357.19
2021-01-21,357.52
2021-01-22,356.28
2021-01-25,357.88
2021-01-26,357.15
2021-01-27,348.68
2021-01-28,351.35
2021-01-29,344.48
2021-02-01,349.95
2021-02-02,354.82
2021-02-03,355.37
2021-02-04,359.34
2021-02-05,360.76
2021-02-08,363.45
2021-02-09,363.25
2021-02-10,363.12
2021-02-11,363.63
2021-02-12,365.51
2021-02-16,365.18
2021-02-17,365.25
2021-02-18,363.73
2021-02-19,363.01
2021-02-22,360.25
2021-02-23,360.66
2021-02-24,364.68
2021-02-25,355.86
2021-02-26,353.67
2021-03-01,362.43
2021-03-02,359.76
2021-03-03,354.96
2021-03-04,350.57
2021-03-05,356.97
2021-03-08,355.26
2021-03-09,360.29
2021-03-10,362.4
2021-03-11,366.19
2021-03-12,366.69
2021-03-15,369.0
2021-03-16,368.42
2021-03-17,369.68
2021-03-18,364.39
2021-03-19,363.75
2021-03-22,366.54
2021-03-23,363.81
2021-03-24,361.94
2021-03-25,363.89
2021-03-26,369.67
2021-03-29,369.53
2021-03-30,368.53
2021-03-31,370.07
2021-04-01,374.06
2021-04-05,379.43
2021-04-06,379.21
2021-04-07,379.65
2021-04-08,381.45
2021-04-09,384.22
2021-04-12,384.36
2021-04-13,385.5
2021-04-14,384.18
2021-04-15,388.31
2021-04-16,389.61
2021-04-19,387.69
2021-04-20,384.86
2021-04-21,388.5
2021-04-22,384.95
2021-04-23,389.12
2021-04-26,389.94
2021-04-27,389.85
2021-04-28,389.74
2021-04-29,392.22
2021-04-30,389.65
2021-05-03,390.49
2021-05-04,388.08
2021-05-05,388.2
2021-05-06,391.3
2021-05-07,394.15
2021-05-10,390.24
2021-05-11,386.76
2021-05-12,378.54
2021-05-13,383.09
2021-05-14,388.97
2021-05-17,387.95
2021-05-18,384.72
2021-05-19,383.56
2021-05-20,387.64
2021-05-21,387.48
2021-05-24,391.39
2021-05-25,390.61
2021-05-26,391.27
2021-05-27,391.4
2021-05-28,392.34
2021-06-01,391.86
2021-06-02,392.53
2021-06-03,391.07
2021-06-04,394.45
2021-06-07,394.28
2021-06-08,394.32
2021-06-09,393.73
2021-06-10,395.54
2021-06-11,396.19
2021-06-14,397.08
2021-06-15,396.35
2021-06-16,394.14
2021-06-17,394.01
2021-06-18,388.71
2021-06-21,394.27
2021-06-22,396.38
2021-06-23,395.9
2021-06-24,398.25
2021-06-25,399.66
2021-06-28,400.47
2021-06-29,400.68
2021-06-30,401.02
2021-07-01,403.24
2021-07-02,406.32
2021-07-06,405.58
2021-07-07,407.01
2021-07-08,403.7
2021-07-09,408.01
2021-07-12,409.47
2021-07-13,408.07
2021-07-14,408.68
2021-07-15,407.29
2021-07-16,404.09
2021-07-19,398.12
2021-07-20,403.83
2021-07-21,407.1
2021-07-22,407.95
2021-07-23,412.15
2021-07-26,413.16
2021-07-27,411.28
2021-07-28,411.11
2021-07-29,412.81
2021-07-30,410.81
2021-08-02,409.95
2021-08-03,413.28
2021-08-04,411.25
2021-08-05,413.85
2021-08-06,414.54
2021-08-09,414.2
2021-08-10,414.71
2021-08-11,415.75
2021-08-12,416.99
2021-08-13,417.75
2021-08-16,418.73
2021-08-17,415.99
2021-08-18,411.44
2021-08-19,412.07
2021-08-20,415.35
2021-08-23,419.01
2021-08-24,419.67
2021-08-25,420.55
2021-08-26,418.07
2021-08-27,421.81
2021-08-30,423.66
2021-08-31,423.03
2021-09-01,423.26
2021-09-02,424.56
2021-09-03,424.46
2021-09-07,422.94
2021-09-08,422.43
2021-09-09,420.62
2021-09-10,417.3
2021-09-13,418.37
2021-09-14,416.11
2021-09-15,419.59
2021-09-16,418.92
2021-09-17,414.85
2021-09-20,407.94
2021-09-21,407.55
2021-09-22,411.53
2021-09-23,416.53
2021-09-24,417.21
2021-09-27,416.02
2021-09-28,407.64
2021-09-29,408.32
2021-09-30,403.33
2021-10-01,408.12
2021-10-04,402.86
2021-10-05,407.05
2021-10-06,408.74
2021-10-07,412.28
2021-10-08,411.53
2021-10-11,408.55
2021-10-12,407.54
2021-10-13,409.01
2021-10-14,415.89
2021-10-15,419.05
2021-10-18,420.3
2021-10-19,423.54
2021-10-20,425.2
2021-10-21,426.31
2021-10-22,425.87
2021-10-25,428.15
2021-10-26,428.54
2021-10-27,426.64
2021-10-28,430.76
2021-10-29,431.63
2021-11-01,432.37
2021-11-02,434.12
2021-11-03,436.77
2021-11-04,438.83
2021-11-05,440.35
2021-11-08,440.73
2021-11-09,439.27
2021-11-10,435.74
2021-11-11,435.88
2021-11-12,439.17
2021-11-15,439.32
2021-11-16,441.06
2021-11-17,439.99
2021-11-18,441.48
2021-11-19,440.69
2021-11-22,439.45
2021-11-23,440.03
2021-11-24,441.21
2021-11-26,431.37
2021-11-29,436.66
2021-11-30,428.16
2021-12-01,423.41
2021-12-02,429.89
2021-12-03,426.15
2021-12-06,431.2
2021-12-07,440.12
2021-12-08,441.28
2021-12-09,438.3
2021-12-10,442.43
2021-12-13,438.53
2021-12-14,435.49
2021-12-15,442.3
2021-12-16,438.4
2021-12-17,433.75
2021-12-20,429.14
2021-12-21,436.76
2021-12-22,441.13
2021-12-23,443.87
2021-12-27,450.15
2021-12-28,449.78
2021-12-29,450.36
2021-12-30,449.11
2021-12-31,447.98
2022-01-03,450.58
2022-01-04,450.43
2022-01-05,441.78
2022-01-06,441.36
2022-01-07,439.62
2022-01-10,439.07
2022-01-11,443.05
2022-01-12,444.27
2022-01-13,438.15
2022-01-14,438.32
2022-01-18,430.56
2022-01-19,426.09
2022-01-20,421.38
2022-01-21,413.1
2022-01-24,414.86
2022-01-25,409.79
2022-01-26,408.76
2022-01-27,406.75
2022-01-28,416.85
2022-01-31,424.36
2022-02-01,427.22
2022-02-02,431.37
2022-02-03,421.23
2022-02-04,423.21
2022-02-07,421.86
2022-02-08,425.33
2022-02-09,431.55
2022-02-10,423.8
2022-02-11,415.44
2022-02-14,414.08
2022-02-15,420.76
2022-02-16,421.23
2022-02-17,412.24
2022-02-18,409.57
2022-02-22,405.17
2022-02-23,398.1
2022-02-24,403.68
2022-02-25,412.89
2022-02-28,411.83
2022-03-01,405.56
2022-03-02,413.02
2022-03-03,410.96
2022-03-04,407.62
2022-03-07,395.61
2022-03-08,392.61
2022-03-09,403.13
2022-03-10,401.31
2022-03-11,396.21
2022-03-14,393.32
2022-03-15,401.96
2022-03-16,410.88
2022-03-17,416.02
2022-03-18,420.56
2022-03-21,420.44
2022-03-22,425.36
2022-03-23,419.88
2022-03-24,426.21
2022-03-25,428.29
2022-03-28,431.27
2022-03-29,436.65
2022-03-30,434.06
2022-03-31,427.3
2022-04-01,428.51
2022-04-04,432.18
2022-04-05,426.72
2022-04-06,422.45
2022-04-07,424.58
2022-04-08,423.45
2022-04-11,416.21
2022-04-12,414.67
2022-04-13,419.42
2022-04-14,414.19
2022-04-18,414.36
2022-04-19,421.05
2022-04-20,420.74
2022-04-21,414.45
2022-04-22,403.08
2022-04-25,405.41
2022-04-26,393.67
2022-04-27,394.78
2022-04-28,404.75
2022-04-29,389.79
2022-05-02,392.14
2022-05-03,393.94
2022-05-04,405.93
2022-05-05,391.51
2022-05-06,389.17
2022-05-09,376.71
2022-05-10,377.58
2022-05-11,371.58
2022-05-12,371.19
2022-05-13,380.07
2022-05-16,378.53
2022-05-17,386.31
2022-05-18,370.74
2022-05-19,368.47
2022-05-20,368.63
2022-05-23,375.53
2022-05-24,372.66
2022-05-25,375.95
2022-05-26,383.46
2022-05-27,392.88
2022-05-31,390.67
2022-06-01,387.51
2022-06-02,394.85
2022-06-03,388.41
2022-06-06,389.6
2022-06-07,393.33
2022-06-08,389.06
2022-06-09,379.8
2022-06-10,368.79
2022-06-13,354.79
2022-06-14,353.72
2022-06-15,358.76
2022-06-16,346.89
2022-06-17,347.63
2022-06-21,356.38
2022-06-22,355.74
2022-06-23,359.23
2022-06-24,370.65
2022-06-27,369.23
2022-06-28,361.69
2022-06-29,361.39
2022-06-30,358.46
2022-07-01,362.25
2022-07-05,362.93
2022-07-06,364.16
2022-07-07,369.61
2022-07-08,369.31
2022-07-11,365.09
2022-07-12,361.86
2022-07-13,359.96
2022-07-14,359.08
2022-07-15,365.94
2022-07-18,362.92
2022-07-19,372.73
2022-07-20,375.1
2022-07-21,378.92
2022-07-22,375.41
2022-07-25,375.86
2022-07-26,371.42
2022-07-27,381.06
2022-07-28,385.81
2022-07-29,391.46
2022-08-01,390.31
2022-08-02,387.73
2022-08-03,393.8
2022-08-04,393.54
2022-08-05,392.87
2022-08-08,392.41
2022-08-09,390.86
2022-08-10,399.07
2022-08-11,399.07
2022-08-12,405.82
2022-08-15,407.49
2022-08-16,408.29
2022-08-17,405.39
2022-08-18,406.57
2022-08-19,401.11
2022-08-22,392.76
2022-08-23,391.81
2022-08-24,393.06
2022-08-25,398.61
2022-08-26,385.12
2022-08-29,382.57
2022-08-30,378.37
2022-08-31,375.49
2022-09-01,376.67
2022-09-02,372.7
2022-09-06,371.29
2022-09-07,377.96
2022-09-08,380.43
2022-09-09,386.34
2022-09-12,390.5
2022-09-13,373.52
2022-09-14,374.94
2022-09-15,370.68
2022-09-16,367.87
2022-09-19,370.72
2022-09-20,366.47
2022-09-21,360.07
2022-09-22,357.05
2022-09-23,351.07
2022-09-26,347.59
2022-09-27,346.71
2022-09-28,353.53
2022-09-29,346.14
2022-09-30,340.79
2022-10-03,349.79
2022-10-04,360.63
2022-10-05,359.79
2022-10-06,356.08
2022-10-07,346.14
2022-10-10,343.5
2022-10-11,341.32
2022-10-12,340.2
2022-10-13,349.18
2022-10-14,341.22
2022-10-17,349.99
2022-10-18,354.1
2022-10-19,351.59
2022-10-20,348.64
2022-10-21,357.12
2022-10-24,361.48
2022-10-25,367.26
2022-10-26,364.49
2022-10-27,362.54
2022-10-28,371.17
2022-10-31,368.49
2022-11-01,366.88
2022-11-02,357.67
2022-11-03,353.99
2022-11-04,359.08
2022-11-07,362.52
2022-11-08,364.47
2022-11-09,356.96
2022-11-10,376.58
2022-11-11,380.22
2022-11-14,376.99
2022-11-15,380.2
2022-11-16,377.3
2022-11-17,376.15
2022-11-18,377.86
2022-11-21,376.48
2022-11-22,381.55
2022-11-23,383.95
2022-11-25,383.87
2022-11-28,377.74
2022-11-29,377.09
2022-11-30,388.97
2022-12-01,388.69
2022-12-02,388.24
2022-12-05,381.25
2022-12-06,375.76
2022-12-07,375.12
2022-12-08,378.06
2022-12-09,375.23
2022-12-12,380.64
2022-12-13,383.52
2022-12-14,381.07
2022-12-15,371.75
2022-12-16,367.38
2022-12-19,364.27
2022-12-20,364.77
2022-12-21,370.22
2022-12-22,364.94
2022-12-23,367.04
2022-12-27,365.59
2022-12-28,361.05
2022-12-29,367.55
2022-12-30,366.58
2023-01-03,365.03
2023-01-04,367.85
2023-01-05,363.65
2023-01-06,371.99
2023-01-09,371.78
2023-01-10,374.39
2023-01-11,379.12
2023-01-12,380.51
2023-01-13,381.98
2023-01-17,381.28
2023-01-18,375.26
2023-01-19,372.53
2023-01-20,379.47
2023-01-23,384.02
2023-01-24,383.61
2023-01-25,383.75
2023-01-26,387.97
2023-01-27,388.86
2023-01-30,383.98
2023-01-31,389.63
2023-02-01,393.77
2023-02-02,399.5
2023-02-03,395.26
2023-02-06,392.84
2023-02-07,397.98
2023-02-08,393.63
2023-02-09,390.22
2023-02-10,391.13
2023-02-13,395.72
2023-02-14,395.54
2023-02-15,396.82
2023-02-16,391.36
2023-02-17,390.38
2023-02-21,382.55
2023-02-22,382.02
2023-02-23,384.05
2023-02-24,379.95
2023-02-27,381.24
2023-02-28,379.83
2023-03-01,378.38
2023-03-02,381.32
2023-03-03,387.44
2023-03-06,387.7
2023-03-07,381.76
2023-03-08,382.38
2023-03-09,375.33
2023-03-10,369.91
2023-03-13,369.39
2023-03-14,375.49
2023-03-15,373.14
2023-03-16,379.69
2023-03-17,375.27
2023-03-20,378.88
2023-03-21,383.85
2023-03-22,377.31
2023-03-23,378.33
2023-03-24,380.81
2023-03-27,381.52
2023-03-28,380.67
2023-03-29,386.2
2023-03-30,388.46
2023-03-31,393.94
2023-04-03,395.44
2023-04-04,393.24
2023-04-05,392.21
2023-04-06,393.74
2023-04-10,394.15
2023-04-11,394.25
2023-04-12,392.65
2023-04-13,397.86
2023-04-14,396.89
2023-04-17,398.31
2023-04-18,398.57
2023-04-19,398.51
2023-04-20,396.33
2023-04-21,396.64
2023-04-24,397.05
2023-04-25,390.75
2023-04-26,389.1
2023-04-27,396.84
2023-04-28,400.23
2023-05-01,399.82
2023-05-02,395.33
2023-05-03,392.62
2023-05-04,389.84
2023-05-05,397.05
2023-05-08,397.16
2023-05-09,395.42
2023-05-10,397.26
2023-05-11,396.57
2023-05-12,396.05
2023-05-15,397.42
2023-05-16,394.76
2023-05-17,399.55
2023-05-18,403.4
2023-05-19,402.82
2023-05-22,402.98
2023-05-23,398.46
2023-05-24,395.57
2023-05-25,399.0
2023-05-26,404.16
2023-05-30,404.32
2023-05-31,402.08
2023-06-01,405.9
2023-06-02,411.77
2023-06-05,410.98
2023-06-06,411.87
2023-06-07,410.45
2023-06-08,412.93
2023-06-09,413.67
2023-06-12,417.42
2023-06-13,420.18
2023-06-14,420.68
2023-06-15,425.89
2023-06-16,424.45
2023-06-20,422.24
2023-06-21,420.08
2023-06-22,421.6
2023-06-23,418.41
2023-06-26,416.7
2023-06-27,421.27
2023-06-28,421.48
2023-06-29,423.14
2023-06-30,428.14
2023-07-03,428.63
2023-07-05,427.99
2023-07-06,424.64
2023-07-07,423.57
2023-07-10,424.64
2023-07-11,427.34
2023-07-12,430.78
2023-07-13,434.2
2023-07-14,433.93
2023-07-17,435.44
2023-07-18,438.67
2023-07-19,439.65
2023-07-20,436.73
2023-07-21,436.73
2023-07-24,438.68
2023-07-25,439.88
2023-07-26,439.95
2023-07-27,437.03
2023-07-28,441.31
2023-07-31,442.15
2023-08-01,440.89
2023-08-02,434.75
2023-08-03,433.51
2023-08-04,431.55
2023-08-07,435.31
2023-08-08,433.42
2023-08-09,430.52
2023-08-10,430.68
2023-08-11,430.43
2023-08-14,432.8
2023-08-15,427.76
2023-08-16,424.62
2023-08-17,421.39
2023-08-18,421.59
2023-08-21,424.33
2023-08-22,423.18
2023-08-23,427.89
2023-08-24,421.96
2023-08-25,424.94
2023-08-28,427.63
2023-08-29,433.82
2023-08-30,435.6
2023-08-31,434.96
2023-09-01,435.78
2023-09-05,433.89
2023-09-06,430.98
2023-09-07,429.65
2023-09-08,430.3
2023-09-11,433.13
2023-09-12,430.75
2023-09-13,431.26
2023-09-14,434.97
2023-09-15,429.75
2023-09-18,430.0
2023-09-19,429.11
2023-09-20,425.17
2023-09-21,418.14
2023-09-22,417.2
2023-09-25,418.95
2023-09-26,412.8
2023-09-27,412.96
2023-09-28,415.36
2023-09-29,414.35
2023-10-02,414.19
2023-10-03,408.64
2023-10-04,411.62
2023-10-05,411.46
2023-10-06,416.35
2023-10-09,419.01
2023-10-10,421.19
2023-10-11,422.92
2023-10-12,420.34
2023-10-13,418.25
2023-10-16,422.65
2023-10-17,422.63
2023-10-18,417.0
2023-10-19,413.33
2023-10-20,408.25
2023-10-23,407.55
2023-10-24,410.62
2023-10-25,404.73
2023-10-26,399.88
2023-10-27,398.07
2023-10-30,402.83
2023-10-31,405.36
2023-11-01,409.68
2023-11-02,417.53
2023-11-03,421.34
2023-11-06,422.31
2023-11-07,423.51
2023-11-08,423.82
2023-11-09,420.51
2023-11-10,427.08
2023-11-13,426.67
2023-11-14,434.95
2023-11-15,435.87
2023-11-16,436.4
2023-11-17,436.94
2023-11-20,440.31
2023-11-21,439.35
2023-11-22,441.04
2023-11-24,441.32
2023-11-27,440.52
2023-11-28,440.96
2023-11-29,440.65
2023-11-30,442.38
2023-12-01,445.0
2023-12-04,442.66
2023-12-05,442.58
2023-12-06,440.79
2023-12-07,444.16
2023-12-08,446.07
2023-12-11,447.8
2023-12-12,449.85
2023-12-13,456.05
2023-12-14,457.51
2023-12-15,456.76
2023-12-18,459.33
2023-12-19,462.12
2023-12-20,455.72
2023-12-21,460.04
2023-12-22,460.97
2023-12-26,462.91
2023-12-27,463.75
2023-12-28,463.93
2023-12-29,462.58
2024-01-02,459.99
2024-01-03,456.24
2024-01-04,454.77
2024-01-05,455.39
2024-01-08,461.89
2024-01-09,461.19
2024-01-10,463.8
2024-01-11,463.59
2024-01-12,463.92
2024-01-16,462.21
2024-01-17,459.64
2024-01-18,463.73
2024-01-19,469.51
2024-01-22,470.5
2024-01-23,471.88
2024-01-24,472.39
2024-01-25,474.96
2024-01-26,474.36
2024-01-29,478.11
2024-01-30,477.75
2024-01-31,469.95
2024-02-01,476.1
2024-02-02,481.11
2024-02-05,479.36
2024-02-06,480.75
2024-02-07,484.76
2024-02-08,484.98
2024-02-09,487.78
2024-02-12,487.56
2024-02-13,480.85
2024-02-14,485.22
2024-02-15,488.57
2024-02-16,486.13
2024-02-20,483.46
2024-02-21,483.9
2024-02-22,493.91
2024-02-23,494.25
2024-02-26,492.44
2024-02-27,493.36
2024-02-28,492.7
2024-02-29,494.47
2024-03-01,499.12
2024-03-04,498.58
2024-03-05,493.6
2024-03-06,496.1
2024-03-07,501.02
2024-03-08,498.02
2024-03-11,497.59
2024-03-12,502.94
2024-03-13,502.15
2024-03-14,501.16
2024-03-15,497.73
2024-03-18,500.69
2024-03-19,503.47
2024-03-20,508.13
2024-03-21,509.81
2024-03-22,508.84
2024-03-25,507.43
2024-03-26,506.5
2024-03-27,510.75
2024-03-28,510.66
2024-04-01,509.77
2024-04-02,506.53
2024-04-03,507.08
2024-04-04,500.89
2024-04-05,506.13
2024-04-08,506.41
2024-04-09,506.99
2024-04-10,501.92
2024-04-11,505.71
2024-04-12,498.73
2024-04-15,492.48
2024-04-16,491.58
2024-04-17,488.67
2024-04-18,487.66
2024-04-19,483.41
2024-04-22,487.86
2024-04-23,493.65
2024-04-24,493.42
2024-04-25,491.54
2024-04-26,496.2
2024-04-29,497.95
2024-04-30,490.07
2024-05-01,488.48
2024-05-02,493.04
2024-05-03,499.16
2024-05-06,504.31
2024-05-07,504.87
2024-05-08,504.92
2024-05-09,507.82
2024-05-10,508.48
2024-05-13,508.55
2024-05-14,510.88
2024-05-15,517.21
2024-05-16,516.14
2024-05-17,516.88
2024-05-20,517.48
2024-05-21,518.75
2024-05-22,517.26
2024-05-23,513.48
2024-05-24,516.87
2024-05-28,517.24
2024-05-29,513.61
2024-05-30,510.21
2024-05-31,514.85
2024-06-03,515.27
2024-06-04,515.85
2024-06-05,521.98
2024-06-06,521.97
2024-06-07,521.34
2024-06-10,522.95
2024-06-11,524.21
2024-06-12,528.51
2024-06-13,529.58
2024-06-14,529.9
2024-06-17,534.12
2024-06-18,535.47
2024-06-20,534.02
2024-06-21,533.3
2024-06-24,531.57
2024-06-25,533.62
2024-06-26,534.28
2024-06-27,535.13
2024-06-28,533.02
2024-07-01,534.12
2024-07-02,537.71
2024-07-03,540.11
2024-07-05,543.23
2024-07-08,543.85
2024-07-09,544.38
2024-07-10,549.77
2024-07-11,545.03
2024-07-12,548.47
2024-07-15,549.97
2024-07-16,553.24
2024-07-17,545.48
2024-07-18,541.29
2024-07-19,537.69
2024-07-22,543.24
2024-07-23,542.38
2024-07-24,530.09
2024-07-25,527.33
2024-07-26,533.24
2024-07-29,533.55
2024-07-30,530.85
2024-07-31,539.47
2024-08-01,531.84
2024-08-02,521.93
2024-08-05,506.73
2024-08-06,511.4
2024-08-07,507.99
2024-08-08,519.73
2024-08-09,522.02
2024-08-12,522.3
2024-08-13,530.89
2024-08-14,532.56
2024-08-15,541.69
2024-08-16,542.9
2024-08-19,548.09
2024-08-20,547.2
2024-08-21,549.08
2024-08-22,544.77
2024-08-23,550.56
2024-08-26,549.25
2024-08-27,550.0
2024-08-28,546.81
2024-08-29,546.86
2024-08-30,552.08
2024-09-03,540.72
2024-09-04,539.61
2024-09-05,538.3
2024-09-06,529.24
2024-09-09,535.17
2024-09-10,537.5
2024-09-11,543.01
2024-09-12,547.58
2024-09-13,550.44
2024-09-16,551.26
2024-09-17,551.48
2024-09-18,549.85
2024-09-19,559.23
2024-09-20,558.27
2024-09-23,559.66
2024-09-24,561.26
2024-09-25,560.02
2024-09-26,562.24
2024-09-27,561.43
2024-09-30,563.68
2024-10-01,558.63
2024-10-02,558.86
2024-10-03,557.84
2024-10-04,562.91
2024-10-07,557.82
2024-10-08,563.1
2024-10-09,567.0
2024-10-10,566.01
2024-10-11,569.4
2024-10-14,574.05
2024-10-15,569.59
2024-10-16,572.07
2024-10-17,572.12
2024-10-18,574.32
2024-10-21,573.38
2024-10-22,573.07
2024-10-23,567.83
2024-10-24,569.06
2024-10-25,568.87
2024-10-28,570.62
2024-10-29,571.55
2024-10-30,569.82
2024-10-31,558.65
2024-11-01,561.01
2024-11-04,559.8
2024-11-05,566.57
2024-11-06,580.65
2024-11-07,585.14
2024-11-08,587.68
2024-11-11,588.24
2024-11-12,586.41
2024-11-13,586.7
2024-11-14,582.92
2024-11-15,575.46
2024-11-18,577.82
2024-11-19,579.93
2024-11-20,580.12
2024-11-21,583.24
2024-11-22,585.05
2024-11-25,587.03
2024-11-26,590.1
2024-11-27,588.31
2024-11-29,591.96
2024-12-02,593.02
2024-12-03,593.3
2024-12-04,596.98
2024-12-05,596.0
2024-12-06,597.13
2024-12-09,594.06
2024-12-10,592.21
2024-12-11,596.79
2024-12-12,593.71
2024-12-13,593.59
2024-12-16,596.13
2024-12-17,593.67
2024-12-18,575.98
2024-12-19,575.8
2024-12-20,582.69
2024-12-23,586.18
2024-12-24,592.7
2024-12-26,592.74
2024-12-27,586.5
2024-12-30,579.81
2024-12-31,577.7
2025-01-02,576.28
2025-01-03,583.48
2025-01-06,586.84
2025-01-07,580.21
2025-01-08,581.06
2025-01-10,572.19
2025-01-13,573.07
2025-01-14,573.86
2025-01-15,584.3
2025-01-16,583.18
2025-01-17,589.03
2025-01-21,594.42
2025-01-22,597.77
2025-01-23,601.03
2025-01-24,599.27
2025-01-27,590.8
2025-01-28,595.87
2025-01-29,593.2
2025-01-30,596.39
2025-01-31,593.21
2025-02-03,589.22
2025-02-04,593.17
2025-02-05,595.58
2025-02-06,597.65
2025-02-07,592.18
2025-02-10,596.2
2025-02-11,596.65
2025-02-12,594.73
2025-02-13,601.01
2025-02-14,600.98
2025-02-18,602.74
2025-02-19,604.16
2025-02-20,601.65
2025-02-21,591.36
2025-02-24,588.67
2025-02-25,585.74
2025-02-26,586.04
2025-02-27,576.68
2025-02-28,585.68
2025-03-03,575.42
2025-03-04,568.61
2025-03-05,574.72
2025-03-06,564.52
2025-03-07,567.68
2025-03-10,552.56
2025-03-11,547.97
2025-03-12,550.88
2025-03-13,543.53
2025-03-14,554.76
2025-03-17,559.04
2025-03-18,553.0
2025-03-19,559.02
2025-03-20,557.4
2025-03-21,557.58
2025-03-24,567.57
2025-03-25,568.93
2025-03-26,562.14
2025-03-27,560.65
2025-03-28,549.36
2025-03-31,553.05
2025-04-01,554.61
2025-04-02,558.12
2025-04-03,530.61
2025-04-04,499.55
2025-04-07,498.66
2025-04-08,490.85
2025-04-09,542.4
2025-04-10,518.63
2025-04-11,527.88
2025-04-14,533.01
2025-04-15,531.51
2025-04-16,519.7
2025-04-17,520.44
2025-04-21,508.05
2025-04-22,521.27
2025-04-23,529.35
2025-04-24,540.49
2025-04-25,544.4
2025-04-28,544.6
2025-04-29,548.03
2025-04-30,548.25
2025-05-01,552.14
2025-05-02,560.33
2025-05-05,557.12
2025-05-06,552.46
2025-05-07,554.79
2025-05-08,558.65
2025-05-09,557.94
2025-05-12,576.38
2025-05-13,580.18
2025-05-14,580.93
2025-05-15,583.76
2025-05-16,587.46
2025-05-19,588.1
2025-05-20,586.13
2025-05-21,576.25
2025-05-22,576.48
2025-05-23,572.54
2025-05-27,584.45
2025-05-28,581.06
2025-05-29,583.36
2025-05-30,582.71
2025-06-02,585.99
2025-06-03,589.33
2025-06-04,589.17
2025-06-05,586.32
2025-06-06,592.35
2025-06-09,592.88
2025-06-10,596.24
2025-06-11,594.54
2025-06-12,596.9
2025-06-13,590.23
2025-06-16,595.85
2025-06-17,590.75
2025-06-18,590.66
2025-06-20,589.28
2025-06-23,595.1
2025-06-24,601.68
2025-06-25,602.01
2025-06-26,606.72
2025-06-27,609.74
2025-06-30,612.65
2025-07-01,612.45
2025-07-02,615.23
2025-07-03,620.08
2025-07-07,615.46
2025-07-08,615.12
2025-07-09,618.81
2025-07-10,620.56
2025-07-11,618.37
2025-07-14,619.55
2025-07-15,616.91
2025-07-16,618.97
2025-07-17,622.76
2025-07-18,622.3
2025-07-21,623.48
2025-07-22,623.57
2025-07-23,628.88
2025-07-24,629.08
2025-07-25,631.74
2025-07-28,631.58
2025-07-29,629.92
2025-07-30,629.12
2025-07-31,626.76
2025-08-01,616.49
2025-08-04,625.86
2025-08-05,622.69
2025-08-06,627.46
2025-08-07,626.93
2025-08-08,631.82
2025-08-11,630.57
2025-08-12,637.28
2025-08-13,639.47
2025-08-14,639.53
2025-08-15,638.03
2025-08-18,637.89
2025-08-19,634.43
2025-08-20,632.74
2025-08-21,630.2
2025-08-22,639.88
2025-08-25,637.07
2025-08-26,639.73
2025-08-27,641.19
2025-08-28,643.46
2025-08-29,639.62
2025-09-02,634.88
2025-09-03,638.33
2025-09-04,643.66
2025-09-05,641.8
2025-09-08,643.37
2025-09-09,644.86
2025-09-10,646.72
2025-09-11,652.1
2025-09-12,651.88
2025-09-15,655.35
2025-09-16,654.45
2025-09-17,653.64
2025-09-18,656.69
2025-09-19,659.93
2025-09-22,663.06
2025-09-23,659.45
2025-09-24,657.35
2025-09-25,654.32
2025-09-26,658.06
2025-09-29,659.91
2025-09-30,662.4
2025-10-01,664.66
2025-10-02,665.42
2025-10-03,665.41
2025-10-06,667.8
2025-10-07,665.32
2025-10-08,669.29
2025-10-09,667.35
2025-10-10,649.31
2025-10-13,659.28
2025-10-14,658.47
2025-10-15,661.39
2025-10-16,656.89
2025-10-17,660.62
2025-10-20,667.49
2025-10-21,667.48
2025-10-22,664.01
2025-10-23,667.95
2025-10-24,673.41
2025-10-27,681.35
2025-10-28,683.16
2025-10-29,683.49
2025-10-30,675.97
2025-10-31,678.19
2025-11-03,679.46
2025-11-04,671.41
2025-11-05,673.73
2025-11-06,666.51
2025-11-07,667.16
2025-11-10,677.57
2025-11-11,679.12
2025-11-12,679.5
2025-11-13,668.23
2025-11-14,668.12
2025-11-17,661.89
2025-11-18,656.33
2025-11-19,658.87
2025-11-20,648.83
2025-11-21,655.29
2025-11-24,664.93
2025-11-25,671.19
2025-11-26,675.82
2025-11-28,679.51
2025-12-01,676.41
2025-12-02,677.66
2025-12-03,680.01
2025-12-04,680.51
2025-12-05,681.8
2025-12-08,679.75
2025-12-09,679.16
2025-12-10,683.67
2025-12-11,685.26
2025-12-12,677.89
2025-12-15,676.87
2025-12-16,675.02
2025-12-17,667.59
2025-12-18,672.63
2025-12-19,678.71
2025-12-22,682.94
2025-12-23,686.06
2025-12-24,688.47
2025-12-26,688.4
2025-12-29,685.95
2025-12-30,685.11
2025-12-31,680.04
2026-01-02,681.28
2026-01-05,685.82
2026-01-06,689.9
2026-01-07,687.67
2026-01-08,687.6
2026-01-09,692.15
2026-01-12,693.24
2026-01-13,691.85
2026-01-14,688.45
2026-01-15,690.33
2026-01-16,689.75
2026-01-20,675.71
2026-01-21,683.51
2026-01-22,687.08
2026-01-23,687.33
2026-01-26,690.82
2026-01-27,693.57
2026-01-28,693.5
2026-01-29,692.12
2026-01-30,690.06
2026-02-02,693.49
2026-02-03,687.62
2026-02-04,684.29
2026-02-05,675.75
2026-02-06,688.71
2026-02-09,692.03
2026-02-10,690.21
2026-02-11,690.05
2026-02-12,679.39
2026-02-13,679.87
2026-02-17,680.96
2026-02-18,684.39
2026-02-19,682.59
2026-02-20,687.53
2026-02-23,680.5
2026-02-24,685.45
2026-02-25,691.23
2026-02-26,687.4
2026-02-27,684.09
2026-03-02,684.48
2026-03-03,678.45
2026-03-04,683.24
2026-03-05,679.43
2026-03-06,670.52
2026-03-09,676.4
2026-03-10,675.31
2026-03-11,674.46
2026-03-12,664.22
2026-03-13,660.46
2026-03-16,667.18
2026-03-17,668.94
2026-03-18,659.6
2026-03-19,657.98
2026-03-20,648.57
2026-03-23,655.38
2026-03-24,653.18
2026-03-25,656.82
2026-03-26,645.09
2026-03-27,634.09
2026-03-30,631.97
